1,8/3p3p/2n2p2/4pk2/8/4K3/7r/8 w - - 0 42,0-1
1,8/3p3p/2n2p2/4pk1r/8/5K2/8/8 w - - 2 43,0-1
1,8/3p3p/2n2p2/4pkr1/8/4K3/8/8 w - - 4 44,0-1
1,8/3p4/2n2p2/4pkrp/8/5K2/8/8 w - h6 0 45,0-1
1,8/3p4/2n2p2/4pkr1/7p/8/4K3/8 w - - 0 46,0-1
1,8/3p4/2n2p2/4pkr1/8/7p/5K2/8 w - - 0 47,0-1
1,8/3p4/2n2p2/4pkr1/8/5K2/7p/8 w - - 0 48,0-1
1,8/3p4/2n2p2/4pkr1/8/4K3/8/7q w - - 0 49,0-1
1,8/3p4/2n2p2/4pkr1/7q/3K4/8/8 w - - 2 50,0-1
1,8/3p4/2n2p2/4pk2/7q/4K1r1/8/8 w - - 4 51,0-1
1,8/3p4/2n2p2/4pk2/8/6r1/5K1q/8 w - - 6 52,0-1
1,8/3p4/2n2p2/4pk2/8/8/7q/5Kr1 w - - 8 53,0-1
1,8/2n2k2/2q2PpK/7b/7P/8/8/8 w - - 0 49,0-1
1,8/2n2k1K/5qp1/7b/7P/8/8/8 w - - 0 50,0-1
1,8/2n2k2/5qpK/7b/7P/8/8/8 b - - 1 50,0-1
1,8/2n2kq1/6pK/7b/7P/8/8/8 w - - 2 51,0-1
1,8/2n2kq1/6p1/6Kb/7P/8/8/8 b - - 3 51,0-1
1,8/2n2k2/5qp1/6Kb/7P/8/8/8 w - - 4 52,0-1
1,8/2n2k2/5qpK/7b/7P/8/8/8 b - - 5 52,0-1
1,8/2n2k2/6pK/5q1b/7P/8/8/8 w - - 6 53,0-1
1,8/2n2k1K/6p1/5q1b/7P/8/8/8 b - - 7 53,0-1
1,8/2n2k1K/6p1/7b/5q1P/8/8/8 w - - 8 54,0-1
1,8/8/k7/1p1K4/1P1P4/pP6/P7/8 w - - 1 56,1/2
1,8/1k6/8/1pK5/1P1P4/pP6/P7/8 w - - 3 57,1/2
1,8/2k5/8/1pKP4/1P6/pP6/P7/8 w - - 1 58,1/2
1,8/2k5/8/1K1P4/1P6/pP6/P7/8 b - - 0 58,1/2
1,8/8/3k4/1K1P4/1P6/pP6/P7/8 w - - 1 59,1/2
1,8/8/3k4/K2P4/1P6/pP6/P7/8 b - - 2 59,1/2
1,8/8/8/K2k4/1P6/pP6/P7/8 w - - 0 60,1/2
1,8/8/8/3k4/KP6/pP6/P7/8 b - - 1 60,1/2
1,8/8/2k5/8/KP6/pP6/P7/8 w - - 2 61,1/2
1,8/8/2k5/8/1P6/KP6/P7/8 b - - 0 61,1/2
1,8/8/8/1k6/1P6/KP6/P7/8 w - - 1 62,1/2
1,8/R4pk1/1r6/4K1p1/6P1/8/1p6/8 w - - 0 46,0-1
1,8/R4pk1/1r6/5Kp1/6P1/8/8/1q6 w - - 0 47,0-1
1,8/R4pk1/1r6/6K1/6P1/8/8/1q6 b - - 0 47,0-1
1,8/R4pk1/1r4q1/6K1/6P1/8/8/8 w - - 1 48,0-1
1,8/R4pk1/1r4q1/8/5KP1/8/8/8 b - - 2 48,0-1
1,8/R4pk1/6q1/8/1r3KP1/8/8/8 w - - 3 49,0-1
1,8/R4pk1/6q1/8/1r4P1/6K1/8/8 b - - 4 49,0-1
1,8/R4pk1/8/8/1r4P1/3q2K1/8/8 w - - 5 50,0-1
1,8/R4pk1/8/8/1r4PK/3q4/8/8 b - - 6 50,0-1
1,8/R4pk1/8/8/1r1q2PK/8/8/8 w - - 7 51,0-1
1,8/R4pk1/8/7K/1r1q2P1/8/8/8 b - - 8 51,0-1
1,8/R4pk1/8/7K/1r4q1/8/8/8 w - - 0 52,0-1
1,8/3k4/8/pK6/P5P1/5p1P/7P/8 w - - 0 49,0-1
1,8/3k4/8/K7/P5P1/5p1P/7P/8 b - - 0 49,0-1
1,8/3k4/8/K7/P5P1/7P/5p1P/8 w - - 0 50,0-1
1,8/3k4/1K6/8/P5P1/7P/5p1P/8 b - - 1 50,0-1
1,8/3k4/1K6/8/P5P1/7P/7P/5q2 w - - 0 51,0-1
1,8/3k4/1K6/P7/6P1/7P/7P/5q2 b - - 0 51,0-1
1,8/3k4/1K6/P7/6P1/7q/7P/8 w - - 0 52,0-1
1,8/3k4/PK6/8/6P1/7q/7P/8 b - - 0 52,0-1
1,8/3k4/PK6/8/6q1/8/7P/8 w - - 0 53,0-1
1,8/P2k4/1K6/8/6q1/8/7P/8 b - - 0 53,0-1
1,8/P2k4/1K6/8/8/5q2/7P/8 w - - 1 54,0-1
1,8/P2k4/K7/8/8/5q2/7P/8 b - - 2 54,0-1
1,q7/P2k4/K7/8/8/8/7P/8 w - - 3 55,0-1
1,q7/P2k4/K7/8/7P/8/8/8 b - h3 0 55,0-1
1,q7/P7/K3k3/8/7P/8/8/8 w - - 1 56,0-1
1,q7/P7/K3k3/7P/8/8/8/8 b - - 0 56,0-1
1,q7/P7/K4k2/7P/8/8/8/8 w - - 1 57,0-1
1,q7/P7/K4k1P/8/8/8/8/8 b - - 0 57,0-1
1,q7/P7/K5kP/8/8/8/8/8 w - - 1 58,0-1
1,q7/P7/1K4kP/8/8/8/8/8 b - - 2 58,0-1
1,q7/P6k/1K5P/8/8/8/8/8 w - - 3 59,0-1
1,q7/P6k/K6P/8/8/8/8/8 b - - 4 59,0-1
1,q7/P7/K6k/8/8/8/8/8 w - - 0 60,0-1
1,q7/P7/1K5k/8/8/8/8/8 b - - 1 60,0-1
1,q7/P5k1/1K6/8/8/8/8/8 w - - 2 61,0-1
1,q7/P5k1/K7/8/8/8/8/8 b - - 3 61,0-1
1,q7/P4k2/K7/8/8/8/8/8 w - - 4 62,0-1
1,q7/P4k2/1K6/8/8/8/8/8 b - - 5 62,0-1
1,q7/P3k3/1K6/8/8/8/8/8 w - - 6 63,0-1
1,q7/P3k3/K7/8/8/8/8/8 b - - 7 63,0-1
1,q2k4/P7/K7/8/8/8/8/8 w - - 8 64,0-1
1,q2k4/P7/1K6/8/8/8/8/8 b - - 9 64,0-1
1,q1k5/P7/1K6/8/8/8/8/8 w - - 10 65,0-1
1,q1k5/P7/K7/8/8/8/8/8 b - - 11 65,0-1
1,q7/P1k5/K7/8/8/8/8/8 w - - 12 66,0-1
1,q7/P1k5/8/K7/8/8/8/8 b - - 13 66,0-1
1,q7/Pk6/8/K7/8/8/8/8 w - - 14 67,0-1
1,q7/Pk6/8/1K6/8/8/8/8 b - - 15 67,0-1
1,8/qk6/8/1K6/8/8/8/8 w - - 0 68,0-1
1,8/qk6/8/8/2K5/8/8/8 b - - 1 68,0-1
1,1q6/1k6/8/8/2K5/8/8/8 w - - 2 69,0-1
1,1q6/1k6/8/1K6/8/8/8/8 b - - 3 69,0-1
1,2q5/1k6/8/1K6/8/8/8/8 w - - 4 70,0-1
1,2q5/1k6/8/8/K7/8/8/8 b - - 5 70,0-1
1,8/1kq5/8/8/K7/8/8/8 w - - 6 71,0-1
1,3b4/2kP4/5p2/2NK1P2/8/3P4/8/8 w - - 0 49,1-0
1,3b4/3k4/4Np2/3K1P2/8/3P4/8/8 w - - 0 50,1-0
1,3N4/3k4/5p2/3K1P2/8/3P4/8/8 b - - 0 50,1-0
1,3k4/8/5p2/3K1P2/8/3P4/8/8 w - - 0 51,1-0
1,3k4/8/4Kp2/5P2/8/3P4/8/8 b - - 1 51,1-0
1,4k3/8/4Kp2/5P2/8/3P4/8/8 w - - 2 52,1-0
1,4k3/8/5K2/5P2/8/3P4/8/8 b - - 0 52,1-0
1,5k2/8/5K2/5P2/8/3P4/8/8 w - - 1 53,1-0
1,5k2/8/4K3/5P2/8/3P4/8/8 b - - 2 53,1-0
1,4k3/8/4K3/5P2/8/3P4/8/8 w - - 3 54,1-0
1,4k3/8/4K3/5P2/3P4/8/8/8 b - - 0 54,1-0
1,3k4/8/4K3/5P2/3P4/8/8/8 w - - 1 55,1-0
1,3k4/8/4K3/3P1P2/8/8/8/8 b - - 0 55,1-0
1,4k3/8/4K3/3P1P2/8/8/8/8 w - - 1 56,1-0
1,4k3/8/3PK3/5P2/8/8/8/8 b - - 0 56,1-0
1,5k2/8/3PK3/5P2/8/8/8/8 w - - 1 57,1-0
1,5k2/3P4/4K3/5P2/8/8/8/8 b - - 0 57,1-0
1,8/3P2k1/4K3/5P2/8/8/8/8 w - - 1 58,1-0
1,3Q4/6k1/4K3/5P2/8/8/8/8 b - - 0 58,1-0
1,3Q4/8/4K2k/5P2/8/8/8/8 w - - 1 59,1-0
1,8/8/4KQ1k/5P2/8/8/8/8 b - - 2 59,1-0
1,8/8/4KQ2/5P1k/8/8/8/8 w - - 3 60,1-0
1,5Q2/8/4K3/5P1k/8/8/8/8 b - - 4 60,1-0
1,5Q2/8/4K3/5P2/6k1/8/8/8 w - - 5 61,1-0
1,5Q2/8/4KP2/8/6k1/8/8/8 b - - 0 61,1-0
1,5Q2/8/4KP2/8/8/5k2/8/8 w - - 1 62,1-0
1,5Q2/5P2/4K3/8/8/5k2/8/8 b - - 0 62,1-0
1,5Q2/5P2/4K3/8/8/4k3/8/8 w - - 1 63,1-0
1,6Q1/5P2/4K3/8/8/4k3/8/8 b - - 2 63,1-0
1,6Q1/5P2/4K3/8/3k4/8/8/8 w - - 3 64,1-0
1,5QQ1/8/4K3/8/3k4/8/8/8 b - - 0 64,1-0
1,5QQ1/8/4K3/8/8/2k5/8/8 w - - 1 65,1-0
1,6Q1/8/4K3/5Q2/8/2k5/8/8 b - - 2 65,1-0
1,6Q1/8/4K3/5Q2/3k4/8/8/8 w - - 3 66,1-0
1,8/8/4K3/5Q2/3k2Q1/8/8/8 b - - 4 66,1-0
1,8/5R2/8/8/1p6/1PkP4/2P4r/2K5 w - - 1 39,1-0
1,8/2R5/8/8/1p1k4/1P1P4/2P4r/2K5 w - - 3 40,1-0
1,8/2R5/8/8/1p1k4/1P1P4/1KP5/7r w - - 5 41,1-0
1,8/8/8/8/1pR5/1P1Pk3/1KP5/7r w - - 7 42,1-0
1,8/8/8/8/1R6/1P1Pk3/1KP5/7r b - - 0 42,1-0
1,8/6pk/3r4/8/R5p1/7P/5PK1/8 w - - 0 37,1/2
1,8/6pk/3r4/8/R5P1/8/5PK1/8 b - - 0 37,1/2
1,8/6p1/3r3k/8/R5P1/8/5PK1/8 w - - 1 38,1/2
1,8/6p1/3r3k/R7/6P1/8/5PK1/8 b - - 2 38,1/2
1,8/8/3r3k/R5p1/6P1/8/5PK1/8 w - g6 0 39,1/2
1,8/8/3r3k/5Rp1/6P1/8/5PK1/8 b - - 1 39,1/2
1,8/8/3r2k1/5Rp1/6P1/8/5PK1/8 w - - 2 40,1/2
1,8/8/3r2k1/5Rp1/6P1/6K1/5P2/8 b - - 3 40,1/2
1,8/8/r5k1/5Rp1/6P1/6K1/5P2/8 w - - 4 41,1/2
1,8/8/r5k1/5Rp1/5PP1/6K1/8/8 b - f3 0 41,1/2
1,8/8/6k1/5Rp1/5PP1/r5K1/8/8 w - - 1 42,1/2
1,8/8/6k1/5Rp1/5PP1/r7/5K2/8 b - - 2 42,1/2
1,8/8/6k1/5R2/5pP1/r7/5K2/8 w - - 0 43,1/2
1,8/8/6k1/8/5RP1/r7/5K2/8 b - - 0 43,1/2
1,8/8/8/6k1/5RP1/r7/5K2/8 w - - 1 44,1/2
1,8/8/8/6k1/2R3P1/r7/5K2/8 b - - 2 44,1/2
1,8/8/8/r5k1/2R3P1/8/5K2/8 w - - 3 45,1/2
1,8/8/8/r5k1/4R1P1/8/5K2/8 b - - 4 45,1/2
1,8/8/8/6k1/4R1P1/8/r4K2/8 w - - 5 46,1/2
1,8/8/8/6k1/4R1P1/5K2/r7/8 b - - 6 46,1/2
1,8/8/8/6k1/4R1P1/r4K2/8/8 w - - 7 47,1/2
1,8/8/8/6k1/6P1/r3RK2/8/8 b - - 8 47,1/2
1,8/8/8/6k1/6P1/4rK2/8/8 w - - 0 48,1/2
1,8/8/8/6k1/6P1/4K3/8/8 b - - 0 48,1/2
1,8/8/8/8/6k1/4K3/8/8 w - - 0 49,1/2
1,8/5pkp/5bp1/8/8/8/BrK5/8 w - - 1 53,0-1
1,8/5pkp/5bp1/8/8/3K4/r7/8 w - - 0 54,0-1
1,5R2/1r6/5p2/6pp/5k2/8/5PK1/8 w - - 0 43,0-1
1,8/1r6/5R2/6pp/5k2/8/5PK1/8 b - - 0 43,0-1
1,8/1r6/5R2/6pp/6k1/8/5PK1/8 w - - 1 44,0-1
1,8/1r6/5R2/6pp/6k1/5P2/6K1/8 b - - 0 44,0-1
1,8/1r6/5R2/6pp/7k/5P2/6K1/8 w - - 1 45,0-1
1,8/1r6/4R3/6pp/7k/5P2/6K1/8 b - - 2 45,0-1
1,8/8/4R3/6pp/7k/5P2/1r4K1/8 w - - 3 46,0-1
1,8/8/4R3/6pp/7k/5P2/1r6/6K1 b - - 4 46,0-1
1,8/8/4R3/6pp/8/5Pk1/1r6/6K1 w - - 5 47,0-1
1,8/8/8/4R1pp/8/5Pk1/1r6/6K1 b - - 6 47,0-1
1,8/8/8/4R1pp/8/5Pk1/8/1r4K1 w - - 7 48,0-1
1,2k5/2r5/1p6/4p3/P7/2K5/2P1r3/8 w - - 1 42,0-1
1,2k5/2r5/1p6/4p3/PK6/8/2r5/8 w - - 0 43,0-1
1,2k5/2r5/1p6/1K2p3/P7/8/2r5/8 b - - 1 43,0-1
1,2k5/2r5/1p6/1Kr1p3/P7/8/8/8 w - - 2 44,0-1
1,2k5/2r5/1K6/2r1p3/P7/8/8/8 b - - 0 44,0-1
1,2k5/2r5/1K6/4p3/P1r5/8/8/8 w - - 1 45,0-1
1,2k5/2r5/1K6/P3p3/2r5/8/8/8 b - - 0 45,0-1
1,2k5/2r5/1K6/P3p3/1r6/8/8/8 w - - 1 46,0-1
1,2k5/2r5/K7/P3p3/1r6/8/8/8 b - - 2 46,0-1
1,2k5/2r5/K7/P3p3/r7/8/8/8 w - - 3 47,0-1
1,2k5/2r5/1K6/P3p3/r7/8/8/8 b - - 4 47,0-1
1,2k5/2r5/1K6/r3p3/8/8/8/8 w - - 0 48,0-1
1,2k5/2r5/8/K3p3/8/8/8/8 b - - 0 48,0-1
1,2k5/8/8/K1r1p3/8/8/8/8 w - - 1 49,0-1
1,2k5/8/1K6/2r1p3/8/8/8/8 b - - 2 49,0-1
1,2k5/8/1K6/3rp3/8/8/8/8 w - - 3 50,0-1
1,8/8/1k6/bp3p2/5R2/7P/6P1/7K w - - 0 42,1/2
1,8/8/1k6/bp6/5Rp1/7P/8/7K w - - 0 43,1/2
1,8/8/1k6/bp6/5RP1/8/8/7K b - - 0 43,1/2
1,8/8/1k6/b7/1p3RP1/8/8/7K w - - 0 44,1/2
1,8/8/1k6/b5P1/1p3R2/8/8/7K b - - 0 44,1/2
1,8/8/1k6/b5P1/5R2/1p6/8/7K w - - 0 45,1/2
1,8/8/1k4P1/b7/5R2/1p6/8/7K b - - 0 45,1/2
1,8/8/1k4P1/b7/5R2/8/1p6/7K w - - 0 46,1/2
1,8/8/1k4P1/b7/8/8/1p6/5R1K b - - 1 46,1/2
1,8/8/1k4P1/8/8/2b5/1p6/5R1K w - - 2 47,1/2
1,8/8/1k4P1/8/8/2b5/1p4K1/5R2 b - - 3 47,1/2
1,8/8/6P1/1k6/8/2b5/1p4K1/5R2 w - - 4 48,1/2
1,8/8/6P1/1k6/8/2b2K2/1p6/5R2 b - - 5 48,1/2
1,8/8/6P1/8/2k5/2b2K2/1p6/5R2 w - - 6 49,1/2
1,8/8/6P1/8/2k5/2b5/1p2K3/5R2 b - - 7 49,1/2
1,8/8/6P1/8/8/1kb5/1p2K3/5R2 w - - 8 50,1/2
1,8/8/6P1/8/8/1kb2K2/1p6/5R2 b - - 9 50,1/2
1,8/8/6P1/8/8/2b2K2/1pk5/5R2 w - - 10 51,1/2
1,8/8/6P1/8/4K3/2b5/1pk5/5R2 b - - 11 51,1/2
1,8/6b1/6P1/8/4K3/8/1pk5/5R2 w - - 12 52,1/2
1,8/6b1/6P1/8/4K3/8/1pk2R2/8 b - - 13 52,1/2
1,8/6b1/6P1/8/4K3/8/1p3R2/2k5 w - - 14 53,1/2
1,8/6b1/6P1/8/4K3/8/1R6/2k5 b - - 0 53,1/2
1,8/6b1/6P1/8/4K3/8/1k6/8 w - - 0 54,1/2
1,8/6b1/6P1/5K2/8/8/1k6/8 b - - 1 54,1/2
1,8/6b1/6P1/5K2/8/2k5/8/8 w - - 2 55,1/2
1,8/6b1/4K1P1/8/8/2k5/8/8 b - - 3 55,1/2
1,8/6b1/4K1P1/8/3k4/8/8/8 w - - 4 56,1/2
1,8/5Kb1/6P1/8/3k4/8/8/8 b - - 5 56,1/2
1,8/5K2/6P1/4b3/3k4/8/8/8 w - - 6 57,1/2
1,8/5KP1/8/4b3/3k4/8/8/8 b - - 0 57,1/2
1,8/5Kb1/8/8/3k4/8/8/8 w - - 0 58,1/2
1,8/8/4Bn2/1k3p2/5P1P/3K2P1/8/8 w - - 0 43,1-0
1,8/8/5n2/1k3B2/5P1P/3K2P1/8/8 b - - 0 43,1-0
1,8/8/2k2n2/5B2/5P1P/3K2P1/8/8 w - - 1 44,1-0
1,8/8/2k2n2/5B2/3K1P1P/6P1/8/8 b - - 2 44,1-0
1,8/8/3k1n2/5B2/3K1P1P/6P1/8/8 w - - 3 45,1-0
1,8/8/3k1n2/5B2/3K1PPP/8/8/8 b - - 0 45,1-0
1,8/4k3/5n2/5B2/3K1PPP/8/8/8 w - - 1 46,1-0
1,8/4k3/5n2/5BP1/3K1P1P/8/8/8 b - - 0 46,1-0
1,8/4k3/8/5BPn/3K1P1P/8/8/8 w - - 1 47,1-0
1,8/4k3/8/4KBPn/5P1P/8/8/8 b - - 2 47,1-0
1,8/5k2/8/4KBPn/5P1P/8/8/8 w - - 3 48,1-0
1,8/5k2/8/4K1Pn/5PBP/8/8/8 b - - 4 48,1-0
1,8/8/6k1/4K1Pn/5PBP/8/8/8 w - - 5 49,1-0
1,8/8/6k1/4K1PB/5P1P/8/8/8 b - - 0 49,1-0
1,8/8/8/4K1Pk/5P1P/8/8/8 w - - 0 50,1-0
1,8/8/8/4KPPk/7P/8/8/8 b - - 0 50,1-0
1,8/8/8/4KPP1/7k/8/8/8 w - - 0 51,1-0
1,8/8/5P2/4K1P1/7k/8/8/8 b - - 0 51,1-0
1,8/8/5P2/4K1k1/8/8/8/8 w - - 0 52,1-0
1,8/5P2/8/4K1k1/8/8/8/8 b - - 0 52,1-0
1,8/5P2/6k1/4K3/8/8/8/8 w - - 1 53,1-0
1,5Q2/8/6k1/4K3/8/8/8/8 b - - 0 53,1-0
1,5Q2/7k/8/4K3/8/8/8/8 w - - 1 54,1-0
1,8/7k/8/4K3/8/8/8/5Q2 b - - 2 54,1-0
1,8/8/6k1/4K3/8/8/8/5Q2 w - - 3 55,1-0
1,8/8/4K1k1/8/8/8/8/5Q2 b - - 4 55,1-0
1,8/6k1/4K3/8/8/8/8/5Q2 w - - 5 56,1-0
1,8/6k1/4K3/8/8/8/6Q1/8 b - - 6 56,1-0
1,5k2/8/4K3/8/8/8/6Q1/8 w - - 7 57,1-0
1,5k2/1Q6/4K3/8/8/8/8/8 b - - 8 57,1-0
1,6k1/1Q6/4K3/8/8/8/8/8 w - - 9 58,1-0
1,6k1/1Q6/5K2/8/8/8/8/8 b - - 10 58,1-0
1,7k/1Q6/5K2/8/8/8/8/8 w - - 11 59,1-0
1,7k/6Q1/5K2/8/8/8/8/8 b - - 12 59,1-0
1,8/8/7R/6p1/2K3k1/5R2/r1P4P/8 w - - 0 45,1-0
1,8/8/7R/6p1/2K2k2/6R1/r1P4P/8 w - - 2 46,1-0
1,8/8/5R2/4k1p1/2K5/6R1/r1P4P/8 w - - 4 47,1-0
1,8/8/1R6/4k1p1/2K5/6R1/2r4P/8 w - - 0 48,1-0
1,8/8/1R6/4k1p1/8/3K2R1/2r4P/8 b - - 1 48,1-0
1,8/8/1R6/4k1p1/8/3K2R1/7r/8 w - - 0 49,1-0
1,8/8/1R6/4k1R1/8/3K4/7r/8 b - - 0 49,1-0
1,8/8/1R6/6R1/5k2/3K4/7r/8 w - - 1 50,1-0
1,8/8/8/1R4R1/5k2/3K4/7r/8 b - - 2 50,1-0
1,8/8/8/1R4R1/5k2/3K3r/8/8 w - - 3 51,1-0
1,8/8/8/1R4R1/2K2k2/7r/8/8 b - - 4 51,1-0
1,8/8/8/1R4Rr/2K2k2/8/8/8 w - - 5 52,1-0
1,8/8/8/1R5R/2K2k2/8/8/8 b - - 0 52,1-0
1,8/8/p1p5/k2p2p1/4p2p/7K/8/8 w - - 0 60,0-1
1,8/8/p7/k1pp2p1/4p1Kp/8/8/8 w - - 0 61,0-1
1,8/8/p7/k1pp2K1/4p2p/8/8/8 b - - 0 61,0-1
1,8/8/p7/k1pp2K1/4p3/7p/8/8 w - - 0 62,0-1
1,8/8/p7/k1pp4/4p2K/7p/8/8 b - - 1 62,0-1
1,8/8/p7/k1pp4/4p2K/8/7p/8 w - - 0 63,0-1
1,8/8/p7/k1pp4/4p3/6K1/7p/8 b - - 1 63,0-1
1,8/8/p7/k1pp4/4p3/6K1/8/7q w - - 0 64,0-1
1,8/8/p7/k1pp4/4p3/8/5K2/7q b - - 1 64,0-1
1,8/8/p7/k1pp4/4p3/8/5K2/3q4 w - - 2 65,0-1
1,8/8/p7/k1pp4/4p3/4K3/8/3q4 b - - 3 65,0-1
1,8/8/p7/k1pp4/4p3/3qK3/8/8 w - - 4 66,0-1
1,8/8/p7/k1pp4/4pK2/3q4/8/8 b - - 5 66,0-1
1,8/8/p7/k2p4/2p1pK2/3q4/8/8 w - - 0 67,0-1
1,8/8/p7/k2pK3/2p1p3/3q4/8/8 b - - 1 67,0-1
1,8/8/p7/k2pK3/4p3/2pq4/8/8 w - - 0 68,0-1
1,8/8/p2K4/k2p4/4p3/2pq4/8/8 b - - 1 68,0-1
1,8/8/p2K4/k2p4/4p3/3q4/2p5/8 w - - 0 69,0-1
1,8/8/4k3/8/5R2/5prP/PP6/5K2 w - - 1 45,1-0
1,8/8/8/4k3/5R2/5prP/PP3K2/8 w - - 3 46,1-0
1,8/8/8/4k3/5R2/5pKP/PP6/8 b - - 0 46,1-0
1,8/6rp/8/8/4rk2/3R4/6P1/5BK1 w - - 1 46,1/2
1,8/6rp/8/8/4r1k1/5R2/6P1/5BK1 w - - 3 47,1/2
1,8/6rp/8/8/1r4k1/3B1R2/6P1/6K1 w - - 5 48,1/2
1,8/6rp/8/8/6k1/3B1R2/1r3KP1/8 w - - 7 49,1/2
1,8/6rp/8/6k1/8/5R2/1r2BKP1/8 w - - 9 50,1/2
1,8/6rp/5k2/8/8/6R1/1r2BKP1/8 w - - 11 51,1/2
1,8/6rp/8/4k3/8/5R2/1r2BKP1/8 w - - 13 52,1/2
1,8/6rp/8/8/3k4/4R3/1r2BKP1/8 w - - 15 53,1/2
1,8/6rp/8/2k5/8/3R4/1r2BKP1/8 w - - 17 54,1/2
1,8/6rp/8/8/1k6/2R5/1r2BKP1/8 w - - 19 55,1/2
1,8/6r1/8/7p/1k6/4R3/1r2BKP1/8 w - h6 0 56,1/2
1,8/6r1/8/7p/4R3/k7/1r2BKP1/8 w - - 2 57,1/2
1,8/6r1/8/7p/8/4R3/kr2BKP1/8 w - - 4 58,1/2
1,8/5r2/8/7p/8/4RK2/kr2B1P1/8 w - - 6 59,1/2
1,8/6r1/8/7p/8/4R1K1/kr2B1P1/8 w - - 8 60,1/2
1,8/8/8/6rp/8/4R2K/kr2B1P1/8 w - - 10 61,1/2
1,8/8/8/1r4rp/8/4RB1K/k5P1/8 w - - 12 62,1/2
1,8/8/8/1r4rp/8/k4B1K/4R1P1/8 w - - 14 63,1/2
1,8/8/8/1r4rp/1k6/4RB1K/6P1/8 w - - 16 64,1/2
1,8/8/8/kr4rp/4R3/5B1K/6P1/8 w - - 18 65,1/2
1,8/8/1k6/1r4rp/4R2K/5B2/6P1/8 w - - 20 66,1/2
1,8/2k5/4R3/1r4rp/7K/5B2/6P1/8 w - - 22 67,1/2
1,8/2k5/7R/1r2r2p/7K/5B2/6P1/8 w - - 24 68,1/2
1,8/2k5/8/1r2r2R/7K/5B2/6P1/8 b - - 0 68,1/2
1,8/2k5/8/1r5r/7K/5B2/6P1/8 w - - 0 69,1/2
1,8/2k5/8/1r5B/7K/8/6P1/8 b - - 0 69,1/2
1,8/8/3k4/1r5B/7K/8/6P1/8 w - - 1 70,1/2
1,8/8/3k4/1r5B/6PK/8/8/8 b - g3 0 70,1/2
1,8/4k3/8/1r5B/6PK/8/8/8 w - - 1 71,1/2
1,8/4k3/8/1r4PB/7K/8/8/8 b - - 0 71,1/2
1,8/4k3/8/6PB/1r5K/8/8/8 w - - 1 72,1/2
1,8/4k3/8/6P1/1r4BK/8/8/8 b - - 2 72,1/2
1,8/5k2/8/6P1/1r4BK/8/8/8 w - - 3 73,1/2
1,8/5k2/8/6PK/1r4B1/8/8/8 b - - 4 73,1/2
1,8/6k1/8/6PK/1r4B1/8/8/8 w - - 5 74,1/2
1,8/6k1/8/5BPK/1r6/8/8/8 b - - 6 74,1/2
1,8/6k1/8/1r3BPK/8/8/8/8 w - - 7 75,1/2
1,8/6k1/8/1r4PK/8/3B4/8/8 b - - 8 75,1/2
1,8/6k1/8/3r2PK/8/3B4/8/8 w - - 9 76,1/2
1,8/6k1/8/3r2PK/4B3/8/8/8 b - - 10 76,1/2
1,8/6k1/8/4r1PK/4B3/8/8/8 w - - 11 77,1/2
1,8/6k1/8/4r1PK/8/8/2B5/8 b - - 12 77,1/2
1,8/6k1/8/6PK/8/8/2B1r3/8 w - - 13 78,1/2
1,8/6k1/8/6PK/8/3B4/4r3/8 b - - 14 78,1/2
1,8/6k1/8/6PK/8/3B4/7r/8 w - - 15 79,1/2
1,8/6k1/8/6P1/6K1/3B4/7r/8 b - - 16 79,1/2
1,8/6k1/8/6P1/6K1/3B4/8/7r w - - 17 80,1/2
1,8/6k1/8/5BP1/6K1/8/8/7r b - - 18 80,1/2
1,8/6k1/8/5BP1/6K1/8/8/5r2 w - - 19 81,1/2
1,8/6k1/8/6P1/4B1K1/8/8/5r2 b - - 20 81,1/2
1,8/6k1/8/6P1/4B1K1/8/8/6r1 w - - 21 82,1/2
1,8/6k1/8/6P1/4BK2/8/8/6r1 b - - 22 82,1/2
1,8/6k1/8/6r1/4BK2/8/8/8 w - - 0 83,1/2
1,8/6k1/8/6K1/4B3/8/8/8 b - - 0 83,1/2
1,8/5pk1/8/6p1/3P4/4P1Kr/5P2/8 w - - 0 45,1-0
1,8/5pk1/8/6p1/3P4/4P2K/5P2/8 b - - 0 45,1-0
1,8/5p2/6k1/6p1/3P4/4P2K/5P2/8 w - - 1 46,1-0
1,8/5p2/6k1/6p1/3P2K1/4P3/5P2/8 b - - 2 46,1-0
1,8/8/6k1/5pp1/3P2K1/4P3/5P2/8 w - f6 0 47,1-0
1,8/8/6k1/5pp1/3P4/4PK2/5P2/8 b - - 1 47,1-0
1,8/8/5k2/5pp1/3P4/4PK2/5P2/8 w - - 2 48,1-0
1,8/8/5k2/5pp1/3PP3/5K2/5P2/8 b - - 0 48,1-0
1,8/8/4k3/5pp1/3PP3/5K2/5P2/8 w - - 1 49,1-0
1,8/8/4k3/5Pp1/3P4/5K2/5P2/8 b - - 0 49,1-0
1,8/8/8/5kp1/3P4/5K2/5P2/8 w - - 0 50,1-0
1,8/8/8/5kp1/3P4/4K3/5P2/8 b - - 1 50,1-0
1,8/8/4k3/6p1/3P4/4K3/5P2/8 w - - 2 51,1-0
1,8/8/4k3/6p1/3PK3/8/5P2/8 b - - 3 51,1-0
1,8/8/3k4/6p1/3PK3/8/5P2/8 w - - 4 52,1-0
1,8/8/3k4/5Kp1/3P4/8/5P2/8 b - - 5 52,1-0
1,8/8/8/3k1Kp1/3P4/8/5P2/8 w - - 6 53,1-0
1,8/8/8/3k2K1/3P4/8/5P2/8 b - - 0 53,1-0
1,8/8/8/6K1/3k4/8/5P2/8 w - - 0 54,1-0
1,8/8/8/5K2/3k4/8/5P2/8 b - - 1 54,1-0
1,8/8/8/3k1K2/8/8/5P2/8 w - - 2 55,1-0
1,8/8/8/3k1K2/5P2/8/8/8 b - f3 0 55,1-0
1,8/8/3k4/5K2/5P2/8/8/8 w - - 1 56,1-0
1,8/8/3k1K2/8/5P2/8/8/8 b - - 2 56,1-0
1,8/3k4/5K2/8/5P2/8/8/8 w - - 3 57,1-0
1,8/3k1K2/8/8/5P2/8/8/8 b - - 4 57,1-0
1,3k4/5K2/8/8/5P2/8/8/8 w - - 5 58,1-0
1,3k4/5K2/8/5P2/8/8/8/8 b - - 0 58,1-0
1,8/3k1K2/8/5P2/8/8/8/8 w - - 1 59,1-0
1,8/3k1K2/5P2/8/8/8/8/8 b - - 0 59,1-0
1,3k4/5K2/5P2/8/8/8/8/8 w - - 1 60,1-0
1,3k1K2/8/5P2/8/8/8/8/8 b - - 2 60,1-0
1,5K2/3k4/5P2/8/8/8/8/8 w - - 3 61,1-0
1,5K2/3k1P2/8/8/8/8/8/8 b - - 0 61,1-0
1,3k1K2/5P2/8/8/8/8/8/8 w - - 1 62,1-0
1,3k4/5PK1/8/8/8/8/8/8 b - - 2 62,1-0
1,8/4kPK1/8/8/8/8/8/8 w - - 3 63,1-0
1,5Q2/4k1K1/8/8/8/8/8/8 b - - 0 63,1-0
1,5Q2/6K1/4k3/8/8/8/8/8 w - - 1 64,1-0
1,8/6K1/4kQ2/8/8/8/8/8 b - - 2 64,1-0
1,8/6K1/5Q2/3k4/8/8/8/8 w - - 3 65,1-0
1,8/8/5QK1/3k4/8/8/8/8 b - - 4 65,1-0
1,8/8/5QK1/8/4k3/8/8/8 w - - 5 66,1-0
1,8/8/6K1/5Q2/4k3/8/8/8 b - - 6 66,1-0
1,8/8/6K1/5Q2/3k4/8/8/8 w - - 7 67,1-0
1,8/8/8/5QK1/3k4/8/8/8 b - - 8 67,1-0
1,8/8/8/5QK1/2k5/8/8/8 w - - 9 68,1-0
1,8/8/8/5Q2/2k2K2/8/8/8 b - - 10 68,1-0
1,8/8/8/5Q2/3k1K2/8/8/8 w - - 11 69,1-0
1,8/8/8/4Q3/3k1K2/8/8/8 b - - 12 69,1-0
1,8/8/8/4Q3/5K2/3k4/8/8 w - - 13 70,1-0
1,8/8/8/8/4QK2/3k4/8/8 b - - 14 70,1-0
1,8/8/8/8/4QK2/2k5/8/8 w - - 15 71,1-0
1,8/8/8/8/5K2/2k1Q3/8/8 b - - 16 71,1-0
1,8/8/8/8/2k2K2/4Q3/8/8 w - - 17 72,1-0
1,8/8/8/8/2k1K3/4Q3/8/8 b - - 18 72,1-0
1,8/8/8/1k6/4K3/4Q3/8/8 w - - 19 73,1-0
1,8/8/8/1k6/4K3/3Q4/8/8 b - - 20 73,1-0
1,8/8/2k5/8/4K3/3Q4/8/8 w - - 21 74,1-0
1,8/8/2k5/3Q4/4K3/8/8/8 b - - 22 74,1-0
1,8/8/4kN2/p6K/P6P/4P3/6P1/8 w - - 1 46,1-0
1,8/8/8/p4k1K/P5NP/4P3/6P1/8 w - - 3 47,1-0
1,8/8/7N/p6K/P3k2P/4P3/6P1/8 w - - 5 48,1-0
1,8/8/7N/p6K/P5PP/4k3/8/8 w - - 0 49,1-0
1,8/8/7N/p5PK/P6P/4k3/8/8 b - - 0 49,1-0
1,8/8/7N/p5PK/P4k1P/8/8/8 w - - 1 50,1-0
1,8/8/6PN/p6K/P4k1P/8/8/8 b - - 0 50,1-0
1,8/8/6PN/p3k2K/P6P/8/8/8 w - - 1 51,1-0
1,8/6P1/7N/p3k2K/P6P/8/8/8 b - - 0 51,1-0
1,8/6P1/5k1N/p6K/P6P/8/8/8 w - - 1 52,1-0
1,6Q1/8/5k1N/p6K/P6P/8/8/8 b - - 0 52,1-0
1,6Q1/4k3/7N/p6K/P6P/8/8/8 w - - 1 53,1-0
1,8/4k3/6QN/p6K/P6P/8/8/8 b - - 2 53,1-0
1,8/3k4/6QN/p6K/P6P/8/8/8 w - - 3 54,1-0
1,8/3k4/6Q1/p4N1K/P6P/8/8/8 b - - 4 54,1-0
1,8/2k5/6Q1/p4N1K/P6P/8/8/8 w - - 5 55,1-0
1,8/2k5/6Q1/p6K/P2N3P/8/8/8 b - - 6 55,1-0
1,8/3k4/6Q1/p6K/P2N3P/8/8/8 w - - 7 56,1-0
1,8/3k4/6Q1/p5K1/P2N3P/8/8/8 b - - 8 56,1-0
1,8/2k5/6Q1/p5K1/P2N3P/8/8/8 w - - 9 57,1-0
1,8/2k5/6Q1/p4K2/P2N3P/8/8/8 b - - 10 57,1-0
1,8/3k4/6Q1/p4K2/P2N3P/8/8/8 w - - 11 58,1-0
1,8/3k4/6Q1/p3K3/P2N3P/8/8/8 b - - 12 58,1-0
1,8/2k5/6Q1/p3K3/P2N3P/8/8/8 w - - 13 59,1-0
1,8/2k5/6Q1/p2K4/P2N3P/8/8/8 b - - 14 59,1-0
1,8/3k4/6Q1/p2K4/P2N3P/8/8/8 w - - 15 60,1-0
1,8/3k2Q1/8/p2K4/P2N3P/8/8/8 b - - 16 60,1-0
1,4k3/6Q1/8/p2K4/P2N3P/8/8/8 w - - 17 61,1-0
1,4k3/6Q1/4K3/p7/P2N3P/8/8/8 b - - 18 61,1-0
1,3k4/6Q1/4K3/p7/P2N3P/8/8/8 w - - 19 62,1-0
1,3k4/5Q2/4K3/p7/P2N3P/8/8/8 b - - 20 62,1-0
1,2k5/5Q2/4K3/p7/P2N3P/8/8/8 w - - 21 63,1-0
1,2k5/5Q2/3K4/p7/P2N3P/8/8/8 b - - 22 63,1-0
1,8/7N/6p1/5p2/5k1P/8/2K3b1/8 w - - 0 53,1/2
1,8/8/5Np1/5p2/5k1P/8/2K3b1/8 b - - 1 53,1/2
1,8/8/5Np1/5p2/5k1P/5b2/2K5/8 w - - 2 54,1/2
1,8/8/6p1/3N1p2/5k1P/5b2/2K5/8 b - - 3 54,1/2
1,8/8/6p1/3Nkp2/7P/5b2/2K5/8 w - - 4 55,1/2
1,8/4N3/6p1/4kp2/7P/5b2/2K5/8 b - - 5 55,1/2
1,8/4N3/6p1/4k3/5p1P/5b2/2K5/8 w - - 0 56,1/2
1,8/8/6N1/4k3/5p1P/5b2/2K5/8 b - - 0 56,1/2
1,8/8/6N1/5k2/5p1P/5b2/2K5/8 w - - 1 57,1/2
1,8/4N3/8/5k2/5p1P/5b2/2K5/8 b - - 2 57,1/2
1,8/4N3/8/8/4kp1P/5b2/2K5/8 w - - 3 58,1/2
1,8/8/6N1/8/4kp1P/5b2/2K5/8 b - - 4 58,1/2
1,8/8/6N1/5k2/5p1P/5b2/2K5/8 w - - 5 59,1/2
1,8/8/8/5k2/5N1P/5b2/2K5/8 b - - 0 59,1/2
1,8/8/8/5k2/4bN1P/8/2K5/8 w - - 1 60,1/2
1,8/8/8/5k2/4bN1P/8/3K4/8 b - - 2 60,1/2
1,8/8/8/8/4bk1P/8/3K4/8 w - - 0 61,1/2
1,8/8/8/8/4bk1P/8/8/4K3 b - - 1 61,1/2
1,8/8/8/8/5k1P/5b2/8/4K3 w - - 2 62,1/2
1,8/8/8/8/5k1P/5b2/8/5K2 b - - 3 62,1/2
1,8/8/8/7b/5k1P/8/8/5K2 w - - 4 63,1/2
1,8/8/8/7b/5k1P/8/6K1/8 b - - 5 63,1/2
1,8/8/8/7b/6kP/8/6K1/8 w - - 6 64,1/2
1,8/8/8/7b/6kP/8/5K2/8 b - - 7 64,1/2
1,8/8/8/7b/7k/8/5K2/8 w - - 0 65,1/2
1,8/1r6/6p1/8/8/2k1K2P/1p2R1P1/8 w - - 0 55,0-1
1,8/1r6/6p1/8/4K3/2k4P/4R1P1/1q6 w - - 0 56,0-1
1,1rR5/5pk1/8/2b2p2/8/8/5PK1/8 w - - 0 46,1-0
1,1R6/5pk1/8/2b2p2/8/8/5PK1/8 b - - 0 46,1-0
1,1R6/5pk1/3b4/5p2/8/8/5PK1/8 w - - 1 47,1-0
1,8/1R3pk1/3b4/5p2/8/8/5PK1/8 b - - 2 47,1-0
1,8/1R3pk1/8/4bp2/8/8/5PK1/8 w - - 3 48,1-0
1,8/3R1pk1/8/4bp2/8/8/5PK1/8 b - - 4 48,1-0
1,8/3R1pk1/5b2/5p2/8/8/5PK1/8 w - - 5 49,1-0
1,8/1R3pk1/5b2/5p2/8/8/5PK1/8 b - - 6 49,1-0
1,8/1R3p2/5bk1/5p2/8/8/5PK1/8 w - - 7 50,1-0
1,8/5p2/5bk1/1R3p2/8/8/5PK1/8 b - - 8 50,1-0
1,8/5p2/6k1/1R3pb1/8/8/5PK1/8 w - - 9 51,1-0
1,8/5p2/6k1/R4pb1/8/8/5PK1/8 b - - 10 51,1-0
1,8/5p2/6k1/R4p2/5b2/8/5PK1/8 w - - 11 52,1-0
1,8/5p2/6k1/5p2/R4b2/8/5PK1/8 b - - 12 52,1-0
1,8/5p2/8/5pk1/R4b2/8/5PK1/8 w - - 13 53,1-0
1,8/5p2/8/5pk1/1R3b2/8/5PK1/8 b - - 14 53,1-0
1,8/8/5p2/5pk1/1R3b2/8/5PK1/8 w - - 0 54,1-0
1,8/8/5p2/5pk1/5b2/1R6/5PK1/8 b - - 1 54,1-0
1,8/8/5p2/4bpk1/8/1R6/5PK1/8 w - - 2 55,1-0
1,8/8/5p2/4bpk1/8/1R3K2/5P2/8 b - - 3 55,1-0
1,8/8/5p2/4b1k1/5p2/1R3K2/5P2/8 w - - 0 56,1-0
1,8/8/5p2/4b1k1/1R3p2/5K2/5P2/8 b - - 1 56,1-0
1,8/8/5p2/4bk2/1R3p2/5K2/5P2/8 w - - 2 57,1-0
1,8/8/5p2/1R2bk2/5p2/5K2/5P2/8 b - - 3 57,1-0
1,8/8/4kp2/1R2b3/5p2/5K2/5P2/8 w - - 4 58,1-0
1,8/8/4kp2/2R1b3/5p2/5K2/5P2/8 b - - 5 58,1-0
1,8/8/5p2/2R1bk2/5p2/5K2/5P2/8 w - - 6 59,1-0
1,8/8/5p2/1R2bk2/5p2/5K2/5P2/8 b - - 7 59,1-0
1,8/8/4kp2/1R2b3/5p2/5K2/5P2/8 w - - 8 60,1-0
1,8/8/4kp2/R3b3/5p2/5K2/5P2/8 b - - 9 60,1-0
1,8/8/5p2/R3bk2/5p2/5K2/5P2/8 w - - 10 61,1-0
1,8/8/R4p2/4bk2/5p2/5K2/5P2/8 b - - 11 61,1-0
1,8/8/R4pk1/4b3/5p2/5K2/5P2/8 w - - 12 62,1-0
1,8/8/1R3pk1/4b3/5p2/5K2/5P2/8 b - - 13 62,1-0
1,8/8/1R3p2/4bk2/5p2/5K2/5P2/8 w - - 14 63,1-0
1,8/1R6/5p2/4bk2/5p2/5K2/5P2/8 b - - 15 63,1-0
1,8/1R6/5p2/4b1k1/5p2/5K2/5P2/8 w - - 16 64,1-0
1,8/R7/5p2/4b1k1/5p2/5K2/5P2/8 b - - 17 64,1-0
1,8/R7/8/4bpk1/5p2/5K2/5P2/8 w - - 0 65,1-0
1,8/8/R7/4bpk1/5p2/5K2/5P2/8 b - - 1 65,1-0
1,8/8/R4b2/5pk1/5p2/5K2/5P2/8 w - - 2 66,1-0
1,8/8/1R3b2/5pk1/5p2/5K2/5P2/8 b - - 3 66,1-0
1,8/8/1R3bk1/5p2/5p2/5K2/5P2/8 w - - 4 67,1-0
1,8/1R6/5bk1/5p2/5p2/5K2/5P2/8 b - - 5 67,1-0
1,8/1R6/6k1/5pb1/5p2/5K2/5P2/8 w - - 6 68,1-0
1,1R6/8/6k1/5pb1/5p2/5K2/5P2/8 b - - 7 68,1-0
1,1R6/8/8/5pbk/5p2/5K2/5P2/8 w - - 8 69,1-0
1,8/1R6/8/5pbk/5p2/5K2/5P2/8 b - - 9 69,1-0
1,8/1R6/8/5pb1/5p1k/5K2/5P2/8 w - - 10 70,1-0
1,8/R7/8/5pb1/5p1k/5K2/5P2/8 b - - 11 70,1-0
1,8/R7/7b/5p2/5p1k/5K2/5P2/8 w - - 12 71,1-0
1,8/1R6/7b/5p2/5p1k/5K2/5P2/8 b - - 13 71,1-0
1,8/1R6/7b/5p1k/5p2/5K2/5P2/8 w - - 14 72,1-0
1,8/R7/7b/5p1k/5p2/5K2/5P2/8 b - - 15 72,1-0
1,8/R7/6kb/5p2/5p2/5K2/5P2/8 w - - 16 73,1-0
1,8/1R6/6kb/5p2/5p2/5K2/5P2/8 b - - 17 73,1-0
1,8/1R6/6k1/5pb1/5p2/5K2/5P2/8 w - - 18 74,1-0
1,8/R7/6k1/5pb1/5p2/5K2/5P2/8 b - - 19 74,1-0
1,8/1k3ppp/2p5/p7/p7/1K6/8/8 w - - 0 43,0-1
1,8/1k3ppp/2p5/p7/K7/8/8/8 b - - 0 43,0-1
1,8/1k3ppp/8/p1p5/K7/8/8/8 w - - 0 44,0-1
1,8/1k3ppp/8/K1p5/8/8/8/8 b - - 0 44,0-1
1,8/5ppp/2k5/K1p5/8/8/8/8 w - - 1 45,0-1
1,8/5ppp/2k5/2p5/K7/8/8/8 b - - 2 45,0-1
1,8/5ppp/3k4/2p5/K7/8/8/8 w - - 3 46,0-1
1,8/5ppp/3k4/2p5/8/1K6/8/8 b - - 4 46,0-1
1,8/5ppp/8/2p1k3/8/1K6/8/8 w - - 5 47,0-1
1,8/5ppp/8/2p1k3/2K5/8/8/8 b - - 6 47,0-1
1,8/6pp/8/2p1kp2/2K5/8/8/8 w - f6 0 48,0-1
1,8/6pp/8/2K1kp2/8/8/8/8 b - - 0 48,0-1
1,8/7p/8/2K1kpp1/8/8/8/8 w - g6 0 49,0-1
1,8/4bp2/6p1/3PK3/k5P1/8/3B4/8 w - - 0 43,1-0
1,3b4/5p2/3P2p1/4K3/k5P1/8/3B4/8 w - - 1 44,1-0
1,3b4/5p2/3P2pB/1k2K3/6P1/8/8/8 w - - 3 45,1-0
1,3b1B2/5p2/2kP2p1/4K3/6P1/8/8/8 w - - 5 46,1-0
1,8/4bp2/2kP2p1/4K3/6P1/8/8/8 w - - 0 47,1-0
1,8/4Pp2/2k3p1/4K3/6P1/8/8/8 b - - 0 47,1-0
1,8/3kPp2/6p1/4K3/6P1/8/8/8 w - - 1 48,1-0
1,8/3kPp2/5Kp1/8/6P1/8/8/8 b - - 2 48,1-0
1,4k3/4Pp2/5Kp1/8/6P1/8/8/8 w - - 3 49,1-0
1,4k3/4Pp2/5Kp1/6P1/8/8/8/8 b - - 0 49,1-0
1,8/p7/4R3/6Kp/kp5P/8/P7/8 w - - 0 40,1-0
1,8/p7/R7/1k4Kp/1p5P/8/P7/8 w - - 2 41,1-0
1,8/R7/8/1k4Kp/1p5P/8/P7/8 b - - 0 41,1-0
1,8/R7/8/6Kp/1pk4P/8/P7/8 w - - 1 42,1-0
1,8/R7/8/7K/1pk4P/8/P7/8 b - - 0 42,1-0
1,8/R7/8/7K/1p5P/2k5/P7/8 w - - 1 43,1-0
1,8/R7/8/6K1/1p5P/2k5/P7/8 b - - 2 43,1-0
1,8/R7/8/6K1/1p5P/8/Pk6/8 w - - 3 44,1-0
1,8/R7/8/6KP/1p6/8/Pk6/8 b - - 0 44,1-0
1,8/R7/8/6KP/8/1p6/Pk6/8 w - - 0 45,1-0
1,8/R7/8/6KP/8/1P6/1k6/8 b - - 0 45,1-0
1,8/R7/8/6KP/8/1k6/8/8 w - - 0 46,1-0
1,8/R7/7P/6K1/8/1k6/8/8 b - - 0 46,1-0
1,8/R7/7P/6K1/2k5/8/8/8 w - - 1 47,1-0
1,8/R6P/8/6K1/2k5/8/8/8 b - - 0 47,1-0
1,8/R6P/8/3k2K1/8/8/8/8 w - - 1 48,1-0
1,7Q/R7/8/3k2K1/8/8/8/8 b - - 0 48,1-0
1,7Q/R7/4k3/6K1/8/8/8/8 w - - 1 49,1-0
1,4Q3/R7/4k3/6K1/8/8/8/8 b - - 2 49,1-0
1,4Q3/R7/3k4/6K1/8/8/8/8 w - - 3 50,1-0
1,4Q3/3R4/3k4/6K1/8/8/8/8 b - - 4 50,1-0
1,4Q3/3R4/2k5/6K1/8/8/8/8 w - - 5 51,1-0
1,2Q5/3R4/2k5/6K1/8/8/8/8 b - - 6 51,1-0
1,2Q5/3R4/1k6/6K1/8/8/8/8 w - - 7 52,1-0
1,2Q5/1R6/1k6/6K1/8/8/8/8 b - - 8 52,1-0
1,2Q5/1R6/k7/6K1/8/8/8/8 w - - 9 53,1-0
1,Q7/1R6/k7/6K1/8/8/8/8 b - - 10 53,1-0
1,8/1kp3Rp/8/1r6/8/3K2P1/8/8 w - - 0 38,0-1
1,8/1kp4R/8/1r6/8/3K2P1/8/8 b - - 0 38,0-1
1,8/1kp4R/8/8/8/1r1K2P1/8/8 w - - 1 39,0-1
1,8/1kp4R/8/8/4K3/1r4P1/8/8 b - - 2 39,0-1
1,8/1kp4R/8/8/4K3/6r1/8/8 w - - 0 40,0-1
1,8/1kp5/8/7R/4K3/6r1/8/8 b - - 1 40,0-1
1,8/1k6/2p5/7R/4K3/6r1/8/8 w - - 0 41,0-1
1,8/1k6/2p5/2R5/4K3/6r1/8/8 b - - 1 41,0-1
1,8/8/1kp5/2R5/4K3/6r1/8/8 w - - 2 42,0-1
1,8/8/1kp5/2R5/3K4/6r1/8/8 b - - 3 42,0-1
1,8/8/1kp5/2R5/3K2r1/8/8/8 w - - 4 43,0-1
1,8/8/1kp5/2R5/6r1/2K5/8/8 b - - 5 43,0-1
1,8/8/2p5/2k5/6r1/2K5/8/8 w - - 0 44,0-1
1,8/8/2p5/2k5/6r1/3K4/8/8 b - - 1 44,0-1
1,8/8/2p5/2k5/8/3K2r1/8/8 w - - 2 45,0-1
1,8/8/2p5/2k5/8/6r1/2K5/8 b - - 3 45,0-1
1,8/8/2p5/3k4/8/6r1/2K5/8 w - - 4 46,0-1
1,8/8/2p5/3k4/8/6r1/3K4/8 b - - 5 46,0-1
1,8/8/8/2pk4/8/6r1/3K4/8 w - - 0 47,0-1
1,8/8/8/2pk4/8/6r1/2K5/8 b - - 1 47,0-1
1,8/8/8/3k4/2p5/6r1/2K5/8 w - - 0 48,0-1
1,8/8/8/3k4/2p5/6r1/3K4/8 b - - 1 48,0-1
1,8/8/8/3k4/8/2p3r1/3K4/8 w - - 0 49,0-1
1,8/8/8/3k4/8/2p3r1/2K5/8 b - - 1 49,0-1
1,8/8/8/8/3k4/2p3r1/2K5/8 w - - 2 50,0-1
1,8/8/8/8/3k4/2p3r1/8/2K5 b - - 3 50,0-1
1,8/8/8/8/8/2pk2r1/8/2K5 w - - 4 51,0-1
1,8/8/8/8/8/2pk2r1/8/3K4 b - - 5 51,0-1
1,8/8/8/8/8/2pk4/6r1/3K4 w - - 6 52,0-1
1,8/8/8/8/8/2pk4/6r1/2K5 b - - 7 52,0-1
1,8/8/8/8/8/3k4/2p3r1/2K5 w - - 0 53,0-1
1,8/8/8/8/8/3k4/1Kp3r1/8 b - - 1 53,0-1
1,8/8/8/8/8/8/1Kpk2r1/8 w - - 2 54,0-1
1,6k1/6pp/3pK3/p3N3/8/8/r7/8 w - - 0 42,0-1
1,6k1/6pp/3K4/p3N3/8/8/r7/8 b - - 0 42,0-1
1,6k1/6pp/3K4/p3N3/8/8/1r6/8 w - - 1 43,0-1
1,6k1/6pp/3K4/p7/2N5/8/1r6/8 b - - 2 43,0-1
1,6k1/6pp/3K4/p7/2N5/8/r7/8 w - - 3 44,0-1
1,6k1/6pp/8/p1K5/2N5/8/r7/8 b - - 4 44,0-1
1,6k1/6pp/8/2K5/p1N5/8/r7/8 w - - 0 45,0-1
1,6k1/6pp/8/8/pKN5/8/r7/8 b - - 1 45,0-1
1,6k1/6p1/8/7p/pKN5/8/r7/8 w - h6 0 46,0-1
1,6k1/6p1/1N6/7p/pK6/8/r7/8 b - - 1 46,0-1
1,6k1/6p1/1N6/8/pK5p/8/r7/8 w - - 0 47,0-1
1,6k1/6p1/8/8/NK5p/8/r7/8 b - - 0 47,0-1
1,6k1/6p1/8/8/rK5p/8/8/8 w - - 0 48,0-1
1,6k1/6p1/8/8/K6p/8/8/8 b - - 0 48,0-1
1,6k1/6p1/8/8/K7/7p/8/8 w - - 0 49,0-1
1,1Q6/p5pk/7p/8/8/1Pq5/6K1/8 w - - 0 45,1/2
1,8/Q5pk/7p/8/8/1Pq5/6K1/8 b - - 0 45,1/2
1,8/Q5pk/7p/8/8/1P6/2q3K1/8 w - - 1 46,1/2
1,8/Q5pk/7p/8/8/1P3K2/2q5/8 b - - 2 46,1/2
1,8/Q5pk/7p/8/8/1q3K2/8/8 w - - 0 47,1/2
1,8/Q5pk/7p/8/6K1/1q6/8/8 b - - 1 47,1/2
1,8/Q5pk/7p/8/2q3K1/8/8/8 w - - 2 48,1/2
1,8/Q5pk/7p/7K/2q5/8/8/8 b - - 3 48,1/2
1,8/Q5pk/7p/7K/5q2/8/8/8 w - - 4 49,1/2
1,8/6Qk/7p/7K/5q2/8/8/8 b - - 0 49,1/2
1,8/6k1/7p/7K/5q2/8/8/8 w - - 0 50,1/2
1,7Q/8/5p2/4p3/4P3/8/3k2P1/5K2 w - - 0 46,1-0
1,8/8/5Q2/4p3/4P3/8/3k2P1/5K2 b - - 0 46,1-0
1,8/8/5Q2/4p3/4P3/4k3/6P1/5K2 w - - 1 47,1-0
1,8/8/8/4Q3/4P3/4k3/6P1/5K2 b - - 0 47,1-0
1,8/8/8/4Q3/4P3/3k4/6P1/5K2 w - - 1 48,1-0
1,8/8/8/4Q3/4P1P1/3k4/8/5K2 b - g3 0 48,1-0
1,8/8/8/4Q3/2k1P1P1/8/8/5K2 w - - 1 49,1-0
1,8/8/8/4Q1P1/2k1P3/8/8/5K2 b - - 0 49,1-0
1,8/8/8/4Q1P1/1k2P3/8/8/5K2 w - - 1 50,1-0
1,8/8/6P1/4Q3/1k2P3/8/8/5K2 b - - 0 50,1-0
1,8/8/6P1/4Q3/2k1P3/8/8/5K2 w - - 1 51,1-0
1,8/6P1/8/4Q3/2k1P3/8/8/5K2 b - - 0 51,1-0
1,8/6P1/8/4Q3/1k2P3/8/8/5K2 w - - 1 52,1-0
1,6Q1/8/8/4Q3/1k2P3/8/8/5K2 b - - 0 52,1-0
1,8/6p1/7p/8/N1k2PP1/7P/K7/8 w - - 1 47,0-1
1,8/6p1/7p/8/3k1PP1/7P/KN6/8 w - - 3 48,0-1
1,8/6p1/7p/8/4kPP1/7P/K7/3N4 w - - 5 49,0-1
1,8/6p1/7p/5P2/5kP1/7P/K7/3N4 w - - 1 50,0-1
1,8/6p1/7p/5P2/6P1/6kP/K4N2/8 w - - 3 51,0-1
1,8/6p1/7p/5P2/6Pk/8/K4N2/8 w - - 0 52,0-1
1,8/6p1/7p/5P2/6Pk/1K6/5N2/8 b - - 1 52,0-1
1,8/6p1/7p/5P2/6P1/1K4k1/5N2/8 w - - 2 53,0-1
1,4b3/7p/6p1/5kPn/7K/4R3/8/8 w - - 0 49,0-1
1,4R3/7p/6p1/5kPn/7K/8/8/8 b - - 0 49,0-1
1,4R3/6np/6p1/5kP1/7K/8/8/8 w - - 1 50,0-1
1,7R/6np/6p1/5kP1/7K/8/8/8 b - - 2 50,0-1
1,7R/7p/4n1p1/5kP1/7K/8/8/8 w - - 3 51,0-1
1,8/7R/4n1p1/5kP1/7K/8/8/8 b - - 0 51,0-1
1,8/7R/6p1/5kn1/7K/8/8/8 w - - 0 52,0-1
1,8/5R2/6p1/5kn1/7K/8/8/8 b - - 1 52,0-1
1,8/5n2/6p1/5k2/7K/8/8/8 w - - 0 53,0-1
1,8/5n2/6p1/5k2/8/6K1/8/8 b - - 1 53,0-1
1,8/5n2/6p1/6k1/8/6K1/8/8 w - - 2 54,0-1
1,2B5/5k2/8/2p1Ppp1/2K3P1/8/8/8 w - - 0 44,1-0
1,8/5k2/8/2p1PBp1/2K3P1/8/8/8 b - - 0 44,1-0
1,8/8/6p1/p6P/kp3P1P/5K2/8/8 w - - 0 44,1/2
1,8/8/6pP/p7/k4P1P/1p3K2/8/8 w - - 0 45,1/2
1,8/7P/6p1/p7/k4P1P/5K2/1p6/8 w - - 0 46,1/2
1,7Q/8/6p1/p7/k4P1P/5K2/8/1q6 w - - 0 47,1/2
1,4Q3/8/6p1/p7/5P1P/k4K2/8/1q6 w - - 2 48,1/2
1,8/4Q3/6p1/p7/1q3P1P/k4K2/8/8 w - - 4 49,1/2
1,8/8/6p1/p7/5P1P/kq2QK2/8/8 w - - 6 50,1/2
1,8/8/8/p6p/5P2/kq2QK2/8/8 w - - 0 51,1/2
1,8/8/8/p6p/5P2/kQ3K2/8/8 b - - 0 51,1/2
1,8/8/8/p6p/5P2/1k3K2/8/8 w - - 0 52,1/2
1,8/8/8/p4P1p/8/1k3K2/8/8 b - - 0 52,1/2
1,8/8/8/5P1p/p7/1k3K2/8/8 w - - 0 53,1/2
1,8/8/5P2/7p/p7/1k3K2/8/8 b - - 0 53,1/2
1,8/8/5P2/7p/8/pk3K2/8/8 w - - 0 54,1/2
1,8/5P2/8/7p/8/pk3K2/8/8 b - - 0 54,1/2
1,8/5P2/8/7p/8/1k3K2/p7/8 w - - 0 55,1/2
1,5Q2/8/8/7p/8/1k3K2/p7/8 b - - 0 55,1/2
1,5Q2/8/8/7p/8/1k3K2/8/q7 w - - 0 56,1/2
1,1Q6/8/8/7p/8/1k3K2/8/q7 b - - 1 56,1/2
1,1Q6/8/8/7p/8/5K2/2k5/q7 w - - 2 57,1/2
1,8/8/8/7p/8/5K2/2k4Q/q7 b - - 3 57,1/2
1,8/8/8/7p/8/3k1K2/7Q/q7 w - - 4 58,1/2
1,8/8/3Q4/7p/8/3k1K2/8/q7 b - - 5 58,1/2
1,8/8/3Q4/7p/3q4/3k1K2/8/8 w - - 6 59,1/2
1,8/8/8/7p/3Q4/3k1K2/8/8 b - - 0 59,1/2
1,8/8/8/7p/3k4/5K2/8/8 w - - 0 60,1/2
1,8/8/8/7p/3k1K2/8/8/8 b - - 1 60,1/2
1,8/8/8/8/3k1K1p/8/8/8 w - - 0 61,1/2
1,8/8/8/8/3k2Kp/8/8/8 b - - 1 61,1/2
1,8/8/8/8/3k2K1/7p/8/8 w - - 0 62,1/2
1,8/8/8/8/3k4/7K/8/8 b - - 0 62,1/2
1,8/5p2/5k2/2B5/p7/P2Kp3/8/2b5 w - - 0 58,0-1
1,8/5p2/5k2/8/p7/P2KB3/8/2b5 b - - 0 58,0-1
1,8/5p2/5k2/8/p7/P2Kb3/8/8 w - - 0 59,0-1
1,8/5p2/5k2/8/p7/P3K3/8/8 b - - 0 59,0-1
1,8/5p2/8/4k3/p7/P3K3/8/8 w - - 1 60,0-1
1,8/5p2/8/4k3/p7/P4K2/8/8 b - - 2 60,0-1
1,8/8/8/4kp2/p7/P4K2/8/8 w - f6 0 61,0-1
1,8/8/8/4kp2/p7/P7/4K3/8 b - - 1 61,0-1
1,8/8/8/4k3/p4p2/P7/4K3/8 w - - 0 62,0-1
1,8/8/8/4k3/p4p2/P4K2/8/8 b - - 1 62,0-1
1,8/8/8/5k2/p4p2/P4K2/8/8 w - - 2 63,0-1
1,8/8/8/5k2/p4p2/P7/5K2/8 b - - 3 63,0-1
1,8/8/8/8/p3kp2/P7/5K2/8 w - - 4 64,0-1
1,8/8/8/8/p3kp2/P7/4K3/8 b - - 5 64,0-1
1,8/8/8/8/p3k3/P4p2/4K3/8 w - - 0 65,0-1
1,8/8/8/8/p3k3/P4p2/5K2/8 b - - 1 65,0-1
1,8/8/8/8/p4k2/P4p2/5K2/8 w - - 2 66,0-1
1,8/8/8/8/p4k2/P4p2/8/5K2 b - - 3 66,0-1
1,8/8/8/8/p7/P3kp2/8/5K2 w - - 4 67,0-1
1,8/8/8/8/p7/P3kp2/8/4K3 b - - 5 67,0-1
1,8/8/8/8/p7/P2k1p2/8/4K3 w - - 6 68,0-1
1,8/8/8/8/p7/P2k1p2/5K2/8 b - - 7 68,0-1
1,8/8/8/8/p7/P1k2p2/5K2/8 w - - 8 69,0-1
1,8/8/8/8/p7/P1k2K2/8/8 b - - 0 69,0-1
1,8/8/8/8/p7/Pk3K2/8/8 w - - 1 70,0-1
1,8/8/8/8/p7/Pk2K3/8/8 b - - 2 70,0-1
1,8/8/8/8/p7/k3K3/8/8 w - - 0 71,0-1
1,8/8/8/8/p7/k2K4/8/8 b - - 1 71,0-1
1,8/8/8/8/p7/3K4/1k6/8 w - - 2 72,0-1
1,8/1b3kp1/8/4KN1p/5P2/8/8/3r4 w - - 0 56,0-1
1,8/1b3kp1/3r4/4K2p/5P2/8/8/8 w - - 0 57,0-1
1,8/1b3kp1/3K4/7p/5P2/8/8/8 b - - 0 57,0-1
1,8/1b4p1/3K1k2/7p/5P2/8/8/8 w - - 1 58,0-1
1,8/1bK3p1/5k2/7p/5P2/8/8/8 b - - 2 58,0-1
1,b7/2K3p1/5k2/7p/5P2/8/8/8 w - - 3 59,0-1
1,8/4k3/R7/1p3P2/4K3/2P5/PP6/8 w - - 1 50,1-0
1,8/R7/5k2/1p3P2/4K3/2P5/PP6/8 w - - 3 51,1-0
1,8/5k2/R7/1p3P2/4K3/2P5/PP6/8 w - - 5 52,1-0
1,4k3/R7/8/1p3P2/4K3/2P5/PP6/8 w - - 7 53,1-0
1,3k4/R7/8/1p2KP2/8/2P5/PP6/8 w - - 9 54,1-0
1,2k5/R7/4K3/1p3P2/8/2P5/PP6/8 w - - 11 55,1-0
1,8/8/5Rp1/6k1/8/7P/2r3PK/8 w - - 0 40,1/2
1,8/8/3R2p1/6k1/8/7P/2r3PK/8 b - - 1 40,1/2
1,8/8/3R2p1/7k/8/7P/2r3PK/8 w - - 2 41,1/2
1,8/8/5Rp1/7k/8/7P/2r3PK/8 b - - 3 41,1/2
1,8/8/5Rp1/6k1/8/7P/2r3PK/8 w - - 4 42,1/2
1,8/8/6p1/6k1/8/5R1P/2r3PK/8 b - - 5 42,1/2
1,8/8/6p1/7k/8/5R1P/2r3PK/8 w - - 6 43,1/2
1,8/8/6p1/7k/8/5RKP/2r3P1/8 b - - 7 43,1/2
1,8/8/8/6pk/8/5RKP/2r3P1/8 w - - 0 44,1/2
1,8/8/8/5Rpk/8/6KP/2r3P1/8 b - - 1 44,1/2
1,8/8/8/5Rpk/8/2r3KP/6P1/8 w - - 2 45,1/2
1,8/8/8/6pk/8/2r2RKP/6P1/8 b - - 3 45,1/2
1,8/8/8/6pk/8/5RKP/2r3P1/8 w - - 4 46,1/2
1,8/8/8/6pk/7P/5RK1/2r3P1/8 b - - 0 46,1/2
1,8/8/8/7k/7p/5RK1/2r3P1/8 w - - 0 47,1/2
1,8/8/8/7k/7p/5R1K/2r3P1/8 b - - 1 47,1/2
1,8/8/8/6k1/7p/5R1K/2r3P1/8 w - - 2 48,1/2
1,8/8/8/6k1/7p/3R3K/2r3P1/8 b - - 3 48,1/2
1,8/8/8/2r3k1/7p/3R3K/6P1/8 w - - 4 49,1/2
1,8/8/8/2r3k1/7p/3R2PK/8/8 b - - 0 49,1/2
1,8/8/8/2r3k1/8/3R2pK/8/8 w - - 0 50,1/2
1,8/8/8/2r3k1/8/3R2K1/8/8 b - - 0 50,1/2
1,8/8/8/5rk1/8/3R2K1/8/8 w - - 1 51,1/2
1,8/8/8/5rk1/8/5RK1/8/8 b - - 2 51,1/2
1,8/8/8/6k1/8/5rK1/8/8 w - - 0 52,1/2
1,8/8/8/6k1/8/5K2/8/8 b - - 0 52,1/2
1,8/8/6R1/8/8/2B2R1P/1P2k1P1/7K w - - 1 51,1-0
1,8/8/6R1/8/7P/2B2R2/1P4P1/3k3K w - - 1 52,1-0
1,8/8/6R1/7P/8/2B2R2/1P4P1/2k4K w - - 1 53,1-0
1,8/8/6RP/8/8/2B2R2/1P4P1/1k5K w - - 1 54,1-0
1,8/7P/6R1/8/8/2B2R2/1P4P1/k6K w - - 1 55,1-0
1,7Q/8/6R1/8/8/2B2R2/kP4P1/7K w - - 1 56,1-0
1,Q7/8/6R1/8/8/2B2R2/1P4P1/1k5K w - - 3 57,1-0
1,Q7/8/6R1/8/8/2B5/1Pk3P1/5R1K w - - 5 58,1-0
1,8/8/6R1/8/4Q3/1kB5/1P4P1/5R1K w - - 7 59,1-0
1,8/8/6R1/8/1Q6/2B5/kP4P1/5R1K w - - 9 60,1-0
1,8/6pk/7p/6b1/6P1/1p3K2/8/8 w - - 0 49,0-1
1,8/6pk/7p/6b1/6P1/1p6/4K3/8 b - - 1 49,0-1
1,8/6pk/7p/6b1/6P1/8/1p2K3/8 w - - 0 50,0-1
1,8/6pk/7p/6b1/6P1/3K4/1p6/8 b - - 1 50,0-1
1,8/6pk/7p/6b1/6P1/3K4/8/1q6 w - - 0 51,0-1
1,8/6pk/7p/6b1/2K3P1/8/8/1q6 b - - 1 51,0-1
1,8/6pk/7p/6b1/2K3P1/8/8/6q1 w - - 2 52,0-1
1,8/6pk/7p/3K2b1/6P1/8/8/6q1 b - - 3 52,0-1
1,8/6pk/7p/3K2b1/6q1/8/8/8 w - - 0 53,0-1
1,8/6pk/2K4p/6b1/6q1/8/8/8 b - - 1 53,0-1
1,8/6pk/2K5/6bp/6q1/8/8/8 w - - 0 54,0-1
1,8/6pk/8/1K4bp/6q1/8/8/8 b - - 1 54,0-1
1,8/6pk/8/1K4b1/6qp/8/8/8 w - - 0 55,0-1
1,8/6pk/8/2K3b1/6qp/8/8/8 b - - 1 55,0-1
1,8/6pk/8/2K3b1/6q1/7p/8/8 w - - 0 56,0-1
1,8/6pk/2K5/6b1/6q1/7p/8/8 b - - 1 56,0-1
1,8/6pk/2K5/6b1/6q1/8/7p/8 w - - 0 57,0-1
1,8/6pk/8/2K3b1/6q1/8/7p/8 b - - 1 57,0-1
1,8/6pk/8/2K3b1/6q1/8/8/7q w - - 0 58,0-1
1,8/6pk/1K6/6b1/6q1/8/8/7q b - - 1 58,0-1
1,8/6pk/1K6/6b1/6q1/8/8/6q1 w - - 2 59,0-1
1,8/6pk/8/1K4b1/6q1/8/8/6q1 b - - 3 59,0-1
1,8/6pk/8/1K4b1/6q1/8/5q2/8 w - - 4 60,0-1
1,8/6pk/8/K5b1/6q1/8/5q2/8 b - - 5 60,0-1
1,8/6pk/8/K4qb1/6q1/8/8/8 w - - 6 61,0-1
1,8/6pk/K7/5qb1/6q1/8/8/8 b - - 7 61,0-1
1,8/6pk/K7/5qb1/4q3/8/8/8 w - - 8 62,0-1
1,8/K5pk/8/5qb1/4q3/8/8/8 b - - 9 62,0-1
1,8/K5pk/4q3/5qb1/8/8/8/8 w - - 10 63,0-1
1,8/1K4pk/4q3/5qb1/8/8/8/8 b - - 11 63,0-1
1,8/1K3qpk/4q3/6b1/8/8/8/8 w - - 12 64,0-1
1,1K6/5qpk/4q3/6b1/8/8/8/8 b - - 13 64,0-1
1,1K2q3/5qpk/8/6b1/8/8/8/8 w - - 14 65,0-1
1,8/7p/1K6/8/5p2/P3k1P1/1P5P/8 w - - 0 35,1-0
1,8/7p/1K6/8/5P2/P3k3/1P5P/8 b - - 0 35,1-0
1,8/7p/1K6/8/5k2/P7/1P5P/8 w - - 0 36,1-0
1,8/7p/1K6/8/P4k2/8/1P5P/8 b - - 0 36,1-0
1,8/7p/1K6/8/P7/5k2/1P5P/8 w - - 1 37,1-0
1,8/7p/1K6/P7/8/5k2/1P5P/8 b - - 0 37,1-0
1,8/7p/1K6/P7/8/8/1P4kP/8 w - - 1 38,1-0
1,8/7p/1K6/P7/7P/8/1P4k1/8 b - h3 0 38,1-0
1,8/7p/1K6/P7/7P/8/1P5k/8 w - - 1 39,1-0
1,8/7p/PK6/8/7P/8/1P5k/8 b - - 0 39,1-0
1,8/7p/PK6/8/7P/7k/1P6/8 w - - 1 40,1-0
1,8/7p/PK6/7P/8/7k/1P6/8 b - - 0 40,1-0
1,8/7p/PK6/7P/7k/8/1P6/8 w - - 1 41,1-0
1,8/7p/PK5P/8/7k/8/1P6/8 b - - 0 41,1-0
1,8/7p/PK5P/7k/8/8/1P6/8 w - - 1 42,1-0
1,8/P6p/1K5P/7k/8/8/1P6/8 b - - 0 42,1-0
1,8/P6p/1K5k/8/8/8/1P6/8 w - - 0 43,1-0
1,Q7/7p/1K5k/8/8/8/1P6/8 b - - 0 43,1-0
1,Q7/7p/1K6/7k/8/8/1P6/8 w - - 1 44,1-0
1,8/7p/1KQ5/7k/8/8/1P6/8 b - - 2 44,1-0
1,8/8/1KQ4p/7k/8/8/1P6/8 w - - 0 45,1-0
1,8/8/1K5p/3Q3k/8/8/1P6/8 b - - 1 45,1-0
1,8/8/1K5p/3Q4/7k/8/1P6/8 w - - 2 46,1-0
1,8/8/2K4p/3Q4/7k/8/1P6/8 b - - 3 46,1-0
1,8/8/2K5/3Q3p/7k/8/1P6/8 w - - 0 47,1-0
1,8/8/2K5/3Q3p/7k/1P6/8/8 b - - 0 47,1-0
1,8/8/2K5/3Q3p/6k1/1P6/8/8 w - - 1 48,1-0
1,8/8/2K5/3Q3p/1P4k1/8/8/8 b - - 0 48,1-0
1,8/8/2K5/3Q4/1P4kp/8/8/8 w - - 0 49,1-0
1,8/8/2K5/8/1P4kp/8/6Q1/8 b - - 1 49,1-0
1,8/8/2K5/8/1P3k1p/8/6Q1/8 w - - 2 50,1-0
1,8/8/2K5/1P6/5k1p/8/6Q1/8 b - - 0 50,1-0
1,8/8/2K5/1P6/5k2/7p/6Q1/8 w - - 0 51,1-0
1,8/8/2K5/1P6/5k2/7Q/8/8 b - - 0 51,1-0
1,8/8/2K5/1P4k1/8/7Q/8/8 w - - 1 52,1-0
1,8/8/1PK5/6k1/8/7Q/8/8 b - - 0 52,1-0
1,8/8/1PK5/8/5k2/7Q/8/8 w - - 1 53,1-0
1,8/1P6/2K5/8/5k2/7Q/8/8 b - - 0 53,1-0
1,8/1P6/2K5/6k1/8/7Q/8/8 w - - 1 54,1-0
1,1Q6/8/2K5/6k1/8/7Q/8/8 b - - 0 54,1-0
1,1Q6/8/2K2k2/8/8/7Q/8/8 w - - 1 55,1-0
1,1Q6/8/2K2k2/8/8/4Q3/8/8 b - - 2 55,1-0
1,1Q6/8/2K5/5k2/8/4Q3/8/8 w - - 3 56,1-0
1,5Q2/8/2K5/5k2/8/4Q3/8/8 b - - 4 56,1-0
1,5Q2/8/2K3k1/8/8/4Q3/8/8 w - - 5 57,1-0
1,5Q2/8/2K3k1/8/8/8/8/6Q1 b - - 6 57,1-0
1,5Q2/8/2K5/7k/8/8/8/6Q1 w - - 7 58,1-0
1,7Q/8/2K5/7k/8/8/8/6Q1 b - - 8 58,1-0
